<?xml version="1.0" encoding="UTF-8" standalone="no"?>
<raConfiguration version="12">
  <generalSettings>
    <option key="#Board#" value="board.custom"/>
    <option key="CPU" value="RA4M1"/>
    <option key="Core" value="CM4"/>
    <option key="#TargetName#" value="R7FA4M1AB3CFM"/>
    <option key="#TargetARCHITECTURE#" value="cortex-m4"/>
    <option key="#DeviceCommand#" value="R7FA4M1AB"/>
    <option key="#RTOS#" value="_none"/>
    <option key="#pinconfiguration#" value="R7FA4M1AB3CFM.pincfg"/>
    <option key="#FSPVersion#" value="6.2.0"/>
    <option key="#SELECTED_TOOLCHAIN#" value="gcc-arm-embedded"/>
    <option key="#ToolchainVersion#" value="13.3.1.arm-13-24"/>
  </generalSettings>
  <raBspConfiguration>
    <config id="config.bsp.ra4m1.R7FA4M1AB3CFM">
      <property id="config.bsp.part_number" value="config.bsp.part_number.value"/>
      <property id="config.bsp.rom_size_bytes" value="config.bsp.rom_size_bytes.value"/>
      <property id="config.bsp.rom_size_bytes_hidden" value="config.bsp.rom_size_bytes_hidden.value"/>
      <property id="config.bsp.ram_size_bytes" value="config.bsp.ram_size_bytes.value"/>
      <property id="config.bsp.data_flash_size_bytes" value="config.bsp.data_flash_size_bytes.value"/>
      <property id="config.bsp.package_style" value="config.bsp.package_style.value"/>
      <property id="config.bsp.package_pins" value="config.bsp.package_pins.value"/>
      <property id="config.bsp.number_of_cores" value="1"/>
      <property id="config.bsp.irq_count_hidden" value="32"/>
    </config>
    <config id="config.bsp.ra4m1">
      <property id="config.bsp.series" value="config.bsp.series.value"/>
    </config>
    <config id="config.bsp.ra4m1.fsp">
      <property id="config.bsp.fsp.inline_irq_functions" value="config.bsp.common.inline_irq_functions.enabled"/>
      <property id="config.bsp.low_voltage_mode" value="config.bsp.low_voltage_mode.disabled"/>
      <property id="config.bsp.common.main_osc_wait" value="config.bsp.common.main_osc_wait.wait_8163"/>
      <property id="config.bsp.fsp.mcu.adc.max_freq_hz" value="64000000"/>
      <property id="config.bsp.fsp.mcu.sci_uart.max_baud" value="6666666"/>
      <property id="config.bsp.fsp.mcu.adc.sample_and_hold" value="0"/>
      <property id="config.bsp.fsp.mcu.adc.sensors_are_exclusive" value="1"/>
      <property id="config.bsp.fsp.mcu.sci_spi.max_bitrate" value="12000000"/>
      <property id="config.bsp.fsp.mcu.spi.max_bitrate" value="24000000"/>
      <property id="config.bsp.fsp.mcu.iic_master.rate.rate_fastplus" value="0"/>
      <property id="config.bsp.fsp.mcu.iic_master.fastplus_channels" value="0"/>
      <property id="config.bsp.fsp.mcu.iic_slave.rate.rate_fastplus" value="0"/>
      <property id="config.bsp.fsp.mcu.iic_slave.fastplus_channels" value="0x0"/>
      <property id="config.bsp.fsp.mcu.sci_uart.cstpen_channels" value="0x0"/>
      <property id="config.bsp.fsp.mcu.gpt.pin_count_source_channels" value="0xFFFF"/>
      <property id="config.bsp.fsp.mcu.slcdc.1_4_bias_method" value="1"/>
      <property id="config.bsp.fsp.mcu.slcdc.max_contrast_on_1_4_bias" value="6"/>
      <property id="config.bsp.fsp.mcu.rtc.err_adjustment_value.max_value" value="63"/>
    </config>
    <config id="config.bsp.ra4m1.linker">
      <property id="config.bsp.option_setting.ofs0" value="config.bsp.option_setting.ofs0.enabled"/>
      <property id="config.bsp.option_setting.ofs0.iwdt_start_mode" value="config.bsp.option_setting.ofs0.iwdt_start_mode.disabled"/>
      <property id="config.bsp.option_setting.ofs0.iwdt_timeout" value="config.bsp.option_setting.ofs0.iwdt_timeout.2048"/>
      <property id="config.bsp.option_setting.ofs0.iwdt_divisor" value="config.bsp.option_setting.ofs0.iwdt_divisor.128"/>
      <property id="config.bsp.option_setting.ofs0.iwdt_window_end" value="config.bsp.option_setting.ofs0.iwdt_window_end.0"/>
      <property id="config.bsp.option_setting.ofs0.iwdt_window_start" value="config.bsp.option_setting.ofs0.iwdt_window_start.100"/>
      <property id="config.bsp.option_setting.ofs0.iwdt_reset_interrupt" value="config.bsp.option_setting.ofs0.iwdt_reset_interrupt.Reset"/>
      <property id="config.bsp.option_setting.ofs0.iwdt_stop_control" value="config.bsp.option_setting.ofs0.iwdt_stop_control.stops"/>
      <property id="config.bsp.option_setting.ofs0.wdt_start_mode" value="config.bsp.option_setting.ofs0.wdt_start_mode.register"/>
      <property id="config.bsp.option_setting.ofs0.wdt_timeout" value="config.bsp.option_setting.ofs0.wdt_timeout.16384"/>
      <property id="config.bsp.option_setting.ofs0.wdt_divisor" value="config.bsp.option_setting.ofs0.wdt_divisor.128"/>
      <property id="config.bsp.option_setting.ofs0.wdt_window_end" value="config.bsp.option_setting.ofs0.wdt_window_end.0"/>
      <property id="config.bsp.option_setting.ofs0.wdt_window_start" value="config.bsp.option_setting.ofs0.wdt_window_start.100"/>
      <property id="config.bsp.option_setting.ofs0.wdt_reset_interrupt" value="config.bsp.option_setting.ofs0.wdt_reset_interrupt.Reset"/>
      <property id="config.bsp.option_setting.ofs0.wdt_stop_control" value="config.bsp.option_setting.ofs0.wdt_stop_control.stops"/>
      <property id="config.bsp.option_setting.ofs1" value="config.bsp.option_setting.ofs1.enabled"/>
      <property id="config.bsp.option_setting.ofs1.voltage_detection0.start" value="config.bsp.option_setting.ofs1.voltage_detection0.start.disabled"/>
      <property id="config.bsp.option_setting.ofs1.voltage_detection0_level" value="config.bsp.option_setting.ofs1.voltage_detection0_level.190"/>
      <property id="config.bsp.option_setting.ofs1.hoco_osc" value="config.bsp.option_setting.ofs1.hoco_osc.disabled"/>
      <property id="config.bsp.option_setting.secmpu" value="config.bsp.option_setting.secmpu.disabled"/>
      <property id="config.bsp.option_setting.secmpu.pc0.enable" value="config.bsp.option_setting.secmpu.pc0.enable.disabled"/>
      <property id="config.bsp.option_setting.secmpu.pc0.start" value="0x0003FFFC"/>
      <property id="config.bsp.option_setting.secmpu.pc0.end" value="0x0003FFFF"/>
      <property id="config.bsp.option_setting.secmpu.pc1.enable" value="config.bsp.option_setting.secmpu.pc1.enable.disabled"/>
      <property id="config.bsp.option_setting.secmpu.pc1.start" value="0x0003FFFC"/>
      <property id="config.bsp.option_setting.secmpu.pc1.end" value="0x0003FFFF"/>
      <property id="config.bsp.option_setting.secmpu.region0.enable" value="config.bsp.option_setting.secmpu.region0.enable.disabled"/>
      <property id="config.bsp.option_setting.secmpu.region0.start" value="0x0003FFFC"/>
      <property id="config.bsp.option_setting.secmpu.region0.end" value="0x0003FFFF"/>
      <property id="config.bsp.option_setting.secmpu.region1.enable" value="config.bsp.option_setting.secmpu.region1.enable.disabled"/>
      <property id="config.bsp.option_setting.secmpu.region1.start" value="0x20007FFC"/>
      <property id="config.bsp.option_setting.secmpu.region1.end" value="0x20007FFF"/>
      <property id="config.bsp.option_setting.secmpu.region2.enable" value="config.bsp.option_setting.secmpu.region2.enable.disabled"/>
      <property id="config.bsp.option_setting.secmpu.region2.start" value="0x400DFFFC"/>
      <property id="config.bsp.option_setting.secmpu.region2.end" value="0x400DFFFF"/>
      <property id="config.bsp.option_setting.secmpu.region3.enable" value="config.bsp.option_setting.secmpu.region3.enable.disabled"/>
      <property id="config.bsp.option_setting.secmpu.region3.start" value="0x400DFFFC"/>
      <property id="config.bsp.option_setting.secmpu.region3.end" value="0x400DFFFF"/>
      <property id="config.bsp.option_setting.secmpu.enable" value=""/>
      <property id="config.bsp.option_setting.osis" value="config.bsp.option_setting.osis.disabled"/>
      <property id="config.bsp.option_setting.osis.id_mode" value="config.bsp.option_setting.osis.id_mode.unlocked"/>
      <property id="config.bsp.option_setting.osis.id_code" value="FFFFFFFFFFFFFFFFFFFFFFFFFFFFFFFF"/>
      <property id="config.bsp.option_setting.osis.id_fixed.1" value=""/>
      <property id="config.bsp.option_setting.osis.id_fixed.2" value=""/>
      <property id="config.bsp.option_setting.osis.id_fixed.3" value=""/>
      <property id="config.bsp.option_setting.osis.id_fixed.4" value=""/>
    </config>
    <config id="config.bsp.ra">
      <property id="config.bsp.common.main" value="0x400"/>
      <property id="config.bsp.common.heap" value="0"/>
      <property id="config.bsp.common.bootloader.xip_enable" value="config.bsp.common.bootloader.xip_enable.disabled"/>
      <property id="config.bsp.common.vcc" value="3300"/>
      <property id="config.bsp.common.checking" value="config.bsp.common.checking.disabled"/>
      <property id="config.bsp.common.assert" value="config.bsp.common.assert.none"/>
      <property id="config.bsp.common.soft_reset" value="config.bsp.common.soft_reset.disabled"/>
      <property id="config.bsp.common.main_osc_populated" value="config.bsp.common.main_osc_populated.enabled"/>
      <property id="config.bsp.common.pfs_protect" value="config.bsp.common.pfs_protect.enabled"/>
      <property id="config.bsp.common.c_runtime_init" value="config.bsp.common.c_runtime_init.enabled"/>
      <property id="config.bsp.common.early_init" value="config.bsp.common.early_init.disabled"/>
      <property id="config.bsp.common.main_osc_clock_source" value="config.bsp.common.main_osc_clock_source.crystal"/>
      <property id="config.bsp.common.subclock_populated" value="config.bsp.common.subclock_populated.disabled"/>
      <property id="config.bsp.common.subclock_drive" value="config.bsp.common.subclock_drive.standard"/>
      <property id="config.bsp.common.subclock_stabilization_ms" value="1000"/>
    </config>
  </raBspConfiguration>
  <raClockConfiguration>
    <node id="board.clock.xtal.freq" mul="12000000" option="_edit"/>
    <node id="board.clock.pll.source" option="board.clock.pll.source.disabled"/>
    <node id="board.clock.hoco.freq" option="board.clock.hoco.freq.48m"/>
    <node id="board.clock.loco.freq" option="board.clock.loco.freq.32768"/>
    <node id="board.clock.moco.freq" option="board.clock.moco.freq.8m"/>
    <node id="board.clock.subclk.freq" option="board.clock.subclk.freq.32768"/>
    <node id="board.clock.pll.div" option="board.clock.pll.div.2"/>
    <node id="board.clock.pll.mul" option="board.clock.pll.mul.8"/>
    <node id="board.clock.pll.display" option="board.clock.pll.display.value"/>
    <node id="board.clock.clock.source" option="board.clock.clock.source.hoco"/>
    <node id="board.clock.iclk.div" option="board.clock.iclk.div.1"/>
    <node id="board.clock.iclk.display" option="board.clock.iclk.display.value"/>
    <node id="board.clock.pclka.div" option="board.clock.pclka.div.1"/>
    <node id="board.clock.pclka.display" option="board.clock.pclka.display.value"/>
    <node id="board.clock.pclkb.div" option="board.clock.pclkb.div.2"/>
    <node id="board.clock.pclkb.display" option="board.clock.pclkb.display.value"/>
    <node id="board.clock.pclkc.div" option="board.clock.pclkc.div.1"/>
    <node id="board.clock.pclkc.display" option="board.clock.pclkc.display.value"/>
    <node id="board.clock.pclkd.div" option="board.clock.pclkd.div.1"/>
    <node id="board.clock.pclkd.display" option="board.clock.pclkd.display.value"/>
    <node id="board.clock.fclk.div" option="board.clock.fclk.div.2"/>
    <node id="board.clock.fclk.display" option="board.clock.fclk.display.value"/>
    <node id="board.clock.clkout.source" option="board.clock.clkout.source.disabled"/>
    <node id="board.clock.clkout.div" option="board.clock.clkout.div.1"/>
    <node id="board.clock.clkout.display" option="board.clock.clkout.display.value"/>
    <node id="board.clock.uclk.source" option="board.clock.uclk.source.pll"/>
    <node id="board.clock.uclk.display" option="board.clock.clkout.display.value"/>
  </raClockConfiguration>
  <raComponentSelection>
    <component apiversion="" class="Projects" condition="" group="all" subgroup="common" variant="" vendor="Renesas" version="6.2.0">
      <description>Common source for all template projects.</description>
      <originalPack>Renesas.RA_common.6.2.0.pack</originalPack>
    </component>
    <component apiversion="" class="Common" condition="" group="all" subgroup="fsp_common" variant="" vendor="Renesas" version="6.2.0">
      <description>Board Support Package Common Files</description>
      <originalPack>Renesas.RA.6.2.0.pack</originalPack>
    </component>
    <component apiversion="" class="HAL Drivers" condition="" group="all" subgroup="r_ioport" variant="" vendor="Renesas" version="6.2.0">
      <description>I/O Port</description>
      <originalPack>Renesas.RA.6.2.0.pack</originalPack>
    </component>
    <component apiversion="" class="CMSIS" condition="" group="Main" subgroup="CoreM" variant="" vendor="Arm" version="6.1.0+fsp.6.2.0">
      <description>Arm CMSIS Version 6 - Core (M)</description>
      <originalPack>Arm.CMSIS6.6.1.0+fsp.6.2.0.pack</originalPack>
    </component>
    <component apiversion="" class="BSP" condition="" group="ra4m1" subgroup="device" variant="R7FA4M1AB3CFM" vendor="Renesas" version="6.2.0">
      <description>Board support package for R7FA4M1AB3CFM</description>
      <originalPack>Renesas.RA_mcu_ra4m1.6.2.0.pack</originalPack>
    </component>
    <component apiversion="" class="BSP" condition="" group="ra4m1" subgroup="device" variant="" vendor="Renesas" version="6.2.0">
      <description>Board support package for RA4M1</description>
      <originalPack>Renesas.RA_mcu_ra4m1.6.2.0.pack</originalPack>
    </component>
    <component apiversion="" class="BSP" condition="" group="ra4m1" subgroup="fsp" variant="" vendor="Renesas" version="6.2.0">
      <description>Board support package for RA4M1 - FSP Data</description>
      <originalPack>Renesas.RA_mcu_ra4m1.6.2.0.pack</originalPack>
    </component>
    <component apiversion="" class="BSP" condition="" group="ra4m1" subgroup="events" variant="" vendor="Renesas" version="6.2.0">
      <description>Board support package for RA4M1 - Events</description>
      <originalPack>Renesas.RA_mcu_ra4m1.6.2.0.pack</originalPack>
    </component>
    <component apiversion="" class="BSP" condition="" group="ra4m1" subgroup="linker" variant="" vendor="Renesas" version="6.2.0">
      <description>Board support package for RA4M1 - Linker</description>
      <originalPack>Renesas.RA_mcu_ra4m1.6.2.0.pack</originalPack>
    </component>
    <component apiversion="" class="BSP" condition="" group="Board" subgroup="custom" variant="" vendor="Renesas" version="6.2.0">
      <description>Custom Board Support Files</description>
      <originalPack>Renesas.RA_board_custom.6.2.0.pack</originalPack>
    </component>
    <component apiversion="" class="HAL Drivers" condition="" group="all" subgroup="r_adc" variant="" vendor="Renesas" version="6.2.0">
      <description>A/D Converter</description>
      <originalPack>Renesas.RA.6.2.0.pack</originalPack>
    </component>
    <component apiversion="" class="HAL Drivers" condition="" group="all" subgroup="r_sci_i2c" variant="" vendor="Renesas" version="6.2.0">
      <description>SCI I2C Master Interface</description>
      <originalPack>Renesas.RA.6.2.0.pack</originalPack>
    </component>
  </raComponentSelection>
  <raElcConfiguration/>
  <raIcuConfiguration/>
  <raLinkMapConfiguration/>
  <raModuleConfiguration>
    <module id="module.driver.ioport_on_ioport.0">
      <property id="module.driver.ioport.name" value="g_ioport"/>
      <property id="module.driver.ioport.elc_trigger_ioport1" value="_disabled"/>
      <property id="module.driver.ioport.elc_trigger_ioport2" value="_disabled"/>
      <property id="module.driver.ioport.elc_trigger_ioport3" value="_disabled"/>
      <property id="module.driver.ioport.elc_trigger_ioport4" value="_disabled"/>
      <property id="module.driver.ioport.pincfg" value="g_bsp_pin_cfg"/>
    </module>
    <module id="module.driver.i2c_on_sci_i2c.1226506299">
      <property id="module.driver.i2c.name" value="g_i2c0"/>
      <property id="module.driver.i2c.channel" value="0"/>
      <property id="module.driver.i2c.slave" value="0x00"/>
      <property id="module.driver.i2c.addr_mode" value="module.driver.i2c.addr_mode.addr_mode_7bit"/>
      <property id="module.driver.i2c.rate" value="module.driver.i2c.rate.rate_standard"/>
      <property id="module.driver.i2c.rate_value" value="0"/>
      <property id="module.driver.i2c.sda_delay" value="300"/>
      <property id="module.driver.i2c.snfr" value="module.driver.i2c.snfr.div_one"/>
      <property id="module.driver.i2c.bitrate_modulation" value="module.driver.i2c.bitrate_modulation.true"/>
      <property id="module.driver.i2c.p_callback" value="NULL"/>
      <property id="module.driver.i2c.ipl" value="board.icu.common.irq.priority12"/>
      <property id="module.driver.i2c.rx_ipl" value="_disabled"/>
    </module>
    <module id="module.driver.adc_on_adc.1806789909">
      <property id="module.driver.adc.name" value="g_adc0"/>
      <property id="module.driver.adc.unit" value="0"/>
      <property id="module.driver.adc.resolution" value="module.driver.adc.resolution.resolution_14_bit"/>
      <property id="module.driver.adc.alignment" value="module.driver.adc.alignment.alignment_right"/>
      <property id="module.driver.adc.clearing" value="module.driver.adc.clearing.clear_after_read_on"/>
      <property id="module.driver.adc.mode" value="module.driver.adc.mode.mode_single_scan"/>
      <property id="module.driver.adc.mode.dt" value="module.driver.adc.mode.dt.disabled"/>
      <property id="module.driver.adc.scan_mask" value="module.driver.adc.scan_mask.channel_0,module.driver.adc.scan_mask.channel_9"/>
      <property id="module.driver.adc.scan_mask_group_b" value=""/>
      <property id="module.driver.adc.trigger" value="enum.driver.adc.trigger.trigger_software"/>
      <property id="module.driver.adc.trigger_group_b" value="_disabled"/>
      <property id="module.driver.adc.priority_group_a" value="module.driver.adc.priority_group_a.group_a_priority_off"/>
      <property id="module.driver.adc.add_average_count" value="module.driver.adc.add_average_count.add_off"/>
      <property id="module.driver.adc.adc_vref_control" value="module.driver.adc.adc_vref_control.avcc0_avss0"/>
      <property id="module.driver.adc.add_mask" value=""/>
      <property id="module.driver.adc.sample_hold_mask" value=""/>
      <property id="module.driver.adc.sample_hold_states" value="24"/>
      <property id="module.driver.adc.compare.window_mode" value="module.driver.adc.compare.window_mode.disabled"/>
      <property id="module.driver.adc.compare.event_mode" value="module.driver.adc.compare.event_mode.or"/>
      <property id="module.driver.adc.compare.window_a.enable" value="module.driver.adc.compare.window_a.enable.disabled"/>
      <property id="module.driver.adc.compare.window_a.channels" value=""/>
      <property id="module.driver.adc.compare.window_a.channel_mode" value=""/>
      <property id="module.driver.adc.compare.window_a.ref_lower" value="0"/>
      <property id="module.driver.adc.compare.window_a.ref_upper" value="0"/>
      <property id="module.driver.adc.compare.window_b.enable" value="module.driver.adc.compare.window_b.enable.disabled"/>
      <property id="module.driver.adc.compare.window_b.channel" value="module.driver.adc.compare.window_b.channel.channel_0"/>
      <property id="module.driver.adc.compare.window_b.mode" value="module.driver.adc.compare.window_b.mode.less_outside"/>
      <property id="module.driver.adc.compare.window_b.ref_lower" value="0"/>
      <property id="module.driver.adc.compare.window_b.ref_upper" value="0"/>
      <property id="module.driver.adc.p_callback" value="NULL"/>
      <property id="module.driver.adc.scan_end_ipl" value="board.icu.common.irq.priority11"/>
      <property id="module.driver.adc.scan_end_b_ipl" value="_disabled"/>
      <property id="module.driver.adc.window_a_ipl" value="_disabled"/>
      <property id="module.driver.adc.window_b_ipl" value="_disabled"/>
      <property id="module.driver.adc.adbuf" value="module.driver.adc.adbuf.disabled"/>
    </module>
    <context id="_hal.0">
      <stack module="module.driver.ioport_on_ioport.0"/>
      <stack module="module.driver.i2c_on_sci_i2c.1226506299"/>
      <stack module="module.driver.adc_on_adc.1806789909"/>
    </context>
    <config id="config.driver.adc">
      <property id="config.driver.adc.param_checking_enable" value="config.driver.adc.param_checking_enable.bsp"/>
    </config>
    <config id="config.driver.ioport">
      <property id="config.driver.ioport.checking" value="config.driver.ioport.checking.system"/>
      <property id="config.driver.ioport.ccd_support_enable" value="config.driver.ioport.ccd_support_enable.disabled"/>
    </config>
    <config id="config.driver.sci_i2c">
      <property id="config.driver.sci_i2c.param_checking_enable" value="config.driver.sci_i2c.param_checking_enable.bsp"/>
      <property id="config.driver.sci_i2c.dtc_enable" value="config.driver.sci_i2c.dtc_enable.disabled"/>
      <property id="config.driver.sci_i2c.addr_mode_10_bit_enable" value="config.driver.sci_i2c.addr_mode_10_bit_enable.disabled"/>
    </config>
  </raModuleConfiguration>
  <raPinConfiguration>
    <pincfg active="true" name="R7FA4M1AB3CFM.pincfg" selected="true" symbol="g_bsp_pin_cfg">
      <configSetting altId="adc0.an00.p000" configurationId="adc0.an00"/>
      <configSetting altId="adc0.an09.p014" configurationId="adc0.an09"/>
      <configSetting altId="adc0.mode.custom" configurationId="adc0.mode"/>
      <configSetting altId="debug0.mode.jtag" configurationId="debug0.mode"/>
      <configSetting altId="debug0.tck.p300" configurationId="debug0.tck"/>
      <configSetting altId="debug0.tdi.p110" configurationId="debug0.tdi"/>
      <configSetting altId="debug0.tdo.p109" configurationId="debug0.tdo"/>
      <configSetting altId="debug0.tms.p108" configurationId="debug0.tms"/>
      <configSetting altId="p000.adc0.an00" configurationId="p000"/>
      <configSetting altId="p000.gpio_mode.gpio_mode_an" configurationId="p000.gpio_mode"/>
      <configSetting altId="p014.adc0.an09" configurationId="p014"/>
      <configSetting altId="p014.gpio_mode.gpio_mode_an" configurationId="p014.gpio_mode"/>
      <configSetting altId="p100.sci0.scl" configurationId="p100"/>
      <configSetting altId="p100.gpio_mode.gpio_mode_peripheral" configurationId="p100.gpio_mode"/>
      <configSetting altId="p100.gpio_otype.gpio_otype_n_ch_od" configurationId="p100.gpio_otype"/>
      <configSetting altId="p101.sci0.sda" configurationId="p101"/>
      <configSetting altId="p101.gpio_mode.gpio_mode_peripheral" configurationId="p101.gpio_mode"/>
      <configSetting altId="p101.gpio_otype.gpio_otype_n_ch_od" configurationId="p101.gpio_otype"/>
      <configSetting altId="p108.debug0.tms" configurationId="p108"/>
      <configSetting altId="p108.gpio_mode.gpio_mode_peripheral" configurationId="p108.gpio_mode"/>
      <configSetting altId="p109.debug0.tdo" configurationId="p109"/>
      <configSetting altId="p109.gpio_mode.gpio_mode_peripheral" configurationId="p109.gpio_mode"/>
      <configSetting altId="p110.debug0.tdi" configurationId="p110"/>
      <configSetting altId="p110.gpio_mode.gpio_mode_peripheral" configurationId="p110.gpio_mode"/>
      <configSetting altId="p111.output.low" configurationId="p111"/>
      <configSetting altId="p111.gpio_mode.gpio_mode_out.low" configurationId="p111.gpio_mode"/>
      <configSetting altId="p300.debug0.tck" configurationId="p300"/>
      <configSetting altId="p300.gpio_mode.gpio_mode_peripheral" configurationId="p300.gpio_mode"/>
      <configSetting altId="p301.sci2.rxd" configurationId="p301"/>
      <configSetting altId="p301.gpio_mode.gpio_mode_peripheral" configurationId="p301.gpio_mode"/>
      <configSetting altId="p302.sci2.txd" configurationId="p302"/>
      <configSetting altId="p302.gpio_mode.gpio_mode_peripheral" configurationId="p302.gpio_mode"/>
      <configSetting altId="sci0.mode.iic.free" configurationId="sci0.mode"/>
      <configSetting altId="sci0.scl.p100" configurationId="sci0.scl"/>
      <configSetting altId="sci0.sda.p101" configurationId="sci0.sda"/>
      <configSetting altId="sci2.mode.asynchronous.free" configurationId="sci2.mode"/>
      <configSetting altId="sci2.rxd.p301" configurationId="sci2.rxd"/>
      <configSetting altId="sci2.txd.p302" configurationId="sci2.txd"/>
    </pincfg>
  </raPinConfiguration>
</raConfiguration>
