<?xml version="1.0" encoding="UTF-8" standalone="no"?>
<raConfiguration version="12">
  <generalSettings>
    <option key="#Board#" value="board.ra4e1_fpb"/>
    <option key="CPU" value="RA4E1"/>
    <option key="Core" value="CM33"/>
    <option key="#TargetName#" value="R7FA4E10D2CFM"/>
    <option key="#TargetARCHITECTURE#" value="cortex-m33"/>
    <option key="#DeviceCommand#" value="R7FA4E10D"/>
    <option key="#RTOS#" value="_none"/>
    <option key="#pinconfiguration#" value="R7FA4E10D2CFM.pincfg"/>
    <option key="#FSPVersion#" value="6.2.0"/>
    <option key="#ConfigurationFragments#" value="Renesas##BSP##Board##ra4e1_fpb##"/>
    <option key="#SELECTED_TOOLCHAIN#" value="gcc-arm-embedded"/>
    <option key="#ToolchainVersion#" value="13.3.1.arm-13-24"/>
  </generalSettings>
  <raBspConfiguration>
    <config id="config.bsp.ra4e1.R7FA4E10D2CFM">
      <property id="config.bsp.part_number" value="config.bsp.part_number.value"/>
      <property id="config.bsp.rom_size_bytes" value="config.bsp.rom_size_bytes.value"/>
      <property id="config.bsp.rom_size_bytes_hidden" value="config.bsp.rom_size_bytes_hidden.value"/>
      <property id="config.bsp.ram_size_bytes" value="config.bsp.ram_size_bytes.value"/>
      <property id="config.bsp.data_flash_size_bytes" value="config.bsp.data_flash_size_bytes.value"/>
      <property id="config.bsp.package_style" value="config.bsp.package_style.value"/>
      <property id="config.bsp.package_pins" value="config.bsp.package_pins.value"/>
      <property id="config.bsp.number_of_cores" value="1"/>
      <property id="config.bsp.irq_count_hidden" value="96"/>
    </config>
    <config id="config.bsp.ra4e1">
      <property id="config.bsp.series" value="config.bsp.series.value"/>
    </config>
    <config id="config.bsp.ra4e1.fsp">
      <property id="config.bsp.fsp.inline_irq_functions" value="config.bsp.common.inline_irq_functions.enabled"/>
      <property id="config.bsp.fsp.tz.exception_response" value="config.bsp.fsp.tz.exception_response.nmi"/>
      <property id="config.bsp.fsp.tz.cmsis.bfhfnmins" value="config.bsp.fsp.tz.cmsis.bfhfnmins.secure"/>
      <property id="config.bsp.fsp.tz.cmsis.sysresetreqs" value="config.bsp.fsp.tz.cmsis.sysresetreqs.secure_only"/>
      <property id="config.bsp.fsp.tz.cmsis.s_priority_boost" value="config.bsp.fsp.tz.cmsis.s_priority_boost.disabled"/>
      <property id="config.bsp.fsp.tz.rstsar" value="config.bsp.fsp.tz.rstsar.both"/>
      <property id="config.bsp.fsp.tz.bbfsar" value="config.bsp.fsp.tz.bbfsar.both"/>
      <property id="config.bsp.fsp.tz.sramsar.sramprcr" value="config.bsp.fsp.tz.sramsar.sramprcr.both"/>
      <property id="config.bsp.fsp.tz.stbramsar" value="config.bsp.fsp.tz.stbramsar.both"/>
      <property id="config.bsp.fsp.tz.bussara" value="config.bsp.fsp.tz.bussara.both"/>
      <property id="config.bsp.fsp.tz.bussarb" value="config.bsp.fsp.tz.bussarb.both"/>
      <property id="config.bsp.fsp.tz.uninitialized_ns_application_fallback" value="config.bsp.fsp.tz.uninitialized_ns_application_fallback.enabled"/>
      <property id="config.bsp.fsp.hoco_fll" value="config.bsp.fsp.hoco_fll.disabled"/>
      <property id="config.bsp.common.main_osc_wait" value="config.bsp.common.main_osc_wait.wait_8163"/>
      <property id="config.bsp.fsp.mcu.adc.max_freq_hz" value="50000000"/>
      <property id="config.bsp.fsp.mcu.sci_uart.max_baud" value="16666666"/>
      <property id="config.bsp.fsp.mcu.adc.sensors_are_exclusive" value="0"/>
      <property id="config.bsp.fsp.mcu.sci_spi.max_bitrate" value="25000000"/>
      <property id="config.bsp.fsp.mcu.spi.max_bitrate" value="50000000"/>
      <property id="config.bsp.fsp.mcu.iic_master.rate.rate_fastplus" value="1"/>
      <property id="config.bsp.fsp.mcu.iic_master.fastplus_channels" value="0x1"/>
      <property id="config.bsp.fsp.mcu.iic_slave.rate.rate_fastplus" value="1"/>
      <property id="config.bsp.fsp.mcu.iic_slave.fastplus_channels" value="0x1"/>
      <property id="config.bsp.fsp.mcu.sci_uart.cstpen_channels" value="0x0219"/>
      <property id="config.bsp.fsp.mcu.gpt.pin_count_source_channels" value="0xFFFF"/>
      <property id="config.bsp.fsp.mcu.adc_dmac.samples_per_channel" value="32767"/>
      <property id="config.bsp.fsp.mcu.rtc.err_adjustment_value.max_value" value="63"/>
    </config>
    <config id="config.bsp.ra4e1.linker">
      <property id="config.bsp.option_setting.ofs0" value="config.bsp.option_setting.ofs0.enabled"/>
      <property id="config.bsp.option_setting.ofs0.iwdt_start_mode" value="config.bsp.option_setting.ofs0.iwdt_start_mode.disabled"/>
      <property id="config.bsp.option_setting.ofs0.iwdt_timeout" value="config.bsp.option_setting.ofs0.iwdt_timeout.2048"/>
      <property id="config.bsp.option_setting.ofs0.iwdt_divisor" value="config.bsp.option_setting.ofs0.iwdt_divisor.128"/>
      <property id="config.bsp.option_setting.ofs0.iwdt_window_end" value="config.bsp.option_setting.ofs0.iwdt_window_end.0"/>
      <property id="config.bsp.option_setting.ofs0.iwdt_window_start" value="config.bsp.option_setting.ofs0.iwdt_window_start.100"/>
      <property id="config.bsp.option_setting.ofs0.iwdt_reset_interrupt" value="config.bsp.option_setting.ofs0.iwdt_reset_interrupt.Reset"/>
      <property id="config.bsp.option_setting.ofs0.iwdt_stop_control" value="config.bsp.option_setting.ofs0.iwdt_stop_control.stops"/>
      <property id="config.bsp.option_setting.ofs0.wdt_start_mode" value="config.bsp.option_setting.ofs0.wdt_start_mode.register"/>
      <property id="config.bsp.option_setting.ofs0.wdt_timeout" value="config.bsp.option_setting.ofs0.wdt_timeout.16384"/>
      <property id="config.bsp.option_setting.ofs0.wdt_divisor" value="config.bsp.option_setting.ofs0.wdt_divisor.128"/>
      <property id="config.bsp.option_setting.ofs0.wdt_window_end" value="config.bsp.option_setting.ofs0.wdt_window_end.0"/>
      <property id="config.bsp.option_setting.ofs0.wdt_window_start" value="config.bsp.option_setting.ofs0.wdt_window_start.100"/>
      <property id="config.bsp.option_setting.ofs0.wdt_reset_interrupt" value="config.bsp.option_setting.ofs0.wdt_reset_interrupt.Reset"/>
      <property id="config.bsp.option_setting.ofs0.wdt_stop_control" value="config.bsp.option_setting.ofs0.wdt_stop_control.stops"/>
      <property id="config.bsp.option_setting.ofs1" value="config.bsp.option_setting.ofs1.disabled"/>
      <property id="config.bsp.option_setting.ofs1.voltage_detection0.start" value="config.bsp.option_setting.ofs1.voltage_detection0.start.disabled"/>
      <property id="config.bsp.option_setting.ofs1.voltage_detection0_level" value="config.bsp.option_setting.ofs1.voltage_detection0_level.280"/>
      <property id="config.bsp.option_setting.ofs1.hoco_osc" value="config.bsp.option_setting.ofs1.hoco_osc.disabled"/>
      <property id="config.bsp.option_setting.bps" value="config.bsp.option_setting.bps.disabled"/>
      <property id="config.bsp.option_setting.bps.0" value=""/>
      <property id="config.bsp.option_setting.pbps" value="config.bsp.option_setting.pbps.disabled"/>
      <property id="config.bsp.option_setting.pbps.0" value=""/>
      <property id="config.bsp.option_setting.ofs1_sec" value="config.bsp.option_setting.ofs1_sec.enabled"/>
      <property id="config.bsp.option_setting.ofs1_sec.voltage_detection0.start" value="config.bsp.option_setting.ofs1_sec.voltage_detection0.start.disabled"/>
      <property id="config.bsp.option_setting.ofs1_sec.voltage_detection0_level" value="config.bsp.option_setting.ofs1_sec.voltage_detection0_level.280"/>
      <property id="config.bsp.option_setting.ofs1_sec.hoco_osc" value="config.bsp.option_setting.ofs1_sec.hoco_osc.disabled"/>
      <property id="config.bsp.option_setting.bps_sec" value="config.bsp.option_setting.bps_sec.disabled"/>
      <property id="config.bsp.option_setting.bps_sec.0" value=""/>
      <property id="config.bsp.option_setting.pbps_sec" value="config.bsp.option_setting.pbps_sec.disabled"/>
      <property id="config.bsp.option_setting.pbps_sec.0" value=""/>
      <property id="config.bsp.option_setting.ofs1_sel" value="config.bsp.option_setting.ofs1_sel.enabled"/>
      <property id="config.bsp.option_setting.ofs1_sel.voltage_detection0_level" value="config.bsp.option_setting.ofs1_sel.voltage_detection0_level.secure"/>
      <property id="config.bsp.option_setting.ofs1_sel.voltage_detection0.start" value="config.bsp.option_setting.ofs1_sel.voltage_detection0.start.secure"/>
      <property id="config.bsp.option_setting.bps_sel" value="config.bsp.option_setting.bps_sel.disabled"/>
      <property id="config.bsp.option_setting.bps_sel.0" value=""/>
    </config>
    <config id="config.bsp.ra">
      <property id="config.bsp.common.main" value="0x400"/>
      <property id="config.bsp.common.heap" value="0"/>
      <property id="config.bsp.common.bootloader.xip_enable" value="config.bsp.common.bootloader.xip_enable.disabled"/>
      <property id="config.bsp.common.vcc" value="3300"/>
      <property id="config.bsp.common.checking" value="config.bsp.common.checking.disabled"/>
      <property id="config.bsp.common.assert" value="config.bsp.common.assert.none"/>
      <property id="config.bsp.common.soft_reset" value="config.bsp.common.soft_reset.disabled"/>
      <property id="config.bsp.common.main_osc_populated" value="config.bsp.common.main_osc_populated.disabled"/>
      <property id="config.bsp.common.pfs_protect" value="config.bsp.common.pfs_protect.enabled"/>
      <property id="config.bsp.common.c_runtime_init" value="config.bsp.common.c_runtime_init.enabled"/>
      <property id="config.bsp.common.early_init" value="config.bsp.common.early_init.disabled"/>
      <property id="config.bsp.common.main_osc_clock_source" value="config.bsp.common.main_osc_clock_source.crystal"/>
      <property id="config.bsp.common.subclock_populated" value="config.bsp.common.subclock_populated.disabled"/>
      <property id="config.bsp.common.subclock_drive" value="config.bsp.common.subclock_drive.standard"/>
      <property id="config.bsp.common.subclock_stabilization_ms" value="1000"/>
    </config>
  </raBspConfiguration>
  <raClockConfiguration>
    <node id="board.clock.xtal.freq" mul="24000000" option="_edit"/>
    <node id="board.clock.hoco.freq" option="board.clock.hoco.freq.20m"/>
    <node id="board.clock.loco.freq" option="board.clock.loco.freq.32768"/>
    <node id="board.clock.moco.freq" option="board.clock.moco.freq.8m"/>
    <node id="board.clock.subclk.freq" option="board.clock.subclk.freq.32768"/>
    <node id="board.clock.pll.source" option="board.clock.pll.source.hoco"/>
    <node id="board.clock.pll.div" option="board.clock.pll.div.2"/>
    <node id="board.clock.pll.mul" option="board.clock.pll.mul.200"/>
    <node id="board.clock.pll.display" option="board.clock.pll.display.value"/>
    <node id="board.clock.pll2.source" option="board.clock.pll2.source.disabled"/>
    <node id="board.clock.pll2.div" option="board.clock.pll2.div.2"/>
    <node id="board.clock.pll2.mul" option="board.clock.pll2.mul.200"/>
    <node id="board.clock.pll2.display" option="board.clock.pll2.display.value"/>
    <node id="board.clock.clock.source" option="board.clock.clock.source.pll"/>
    <node id="board.clock.clkout.source" option="board.clock.clkout.source.disabled"/>
    <node id="board.clock.uclk.source" option="board.clock.uclk.source.disabled"/>
    <node id="board.clock.iclk.div" option="board.clock.iclk.div.2"/>
    <node id="board.clock.pclka.div" option="board.clock.pclka.div.2"/>
    <node id="board.clock.pclkb.div" option="board.clock.pclkb.div.4"/>
    <node id="board.clock.pclkc.div" option="board.clock.pclkc.div.4"/>
    <node id="board.clock.pclkd.div" option="board.clock.pclkd.div.2"/>
    <node id="board.clock.fclk.div" option="board.clock.fclk.div.4"/>
    <node id="board.clock.clkout.div" option="board.clock.clkout.div.1"/>
    <node id="board.clock.uclk.div" option="board.clock.uclk.div.5"/>
    <node id="board.clock.iclk.display" option="board.clock.iclk.display.value"/>
    <node id="board.clock.pclka.display" option="board.clock.pclka.display.value"/>
    <node id="board.clock.pclkb.display" option="board.clock.pclkb.display.value"/>
    <node id="board.clock.pclkc.display" option="board.clock.pclkc.display.value"/>
    <node id="board.clock.pclkd.display" option="board.clock.pclkd.display.value"/>
    <node id="board.clock.fclk.display" option="board.clock.fclk.display.value"/>
    <node id="board.clock.clkout.display" option="board.clock.clkout.display.value"/>
    <node id="board.clock.uclk.display" option="board.clock.uclk.display.value"/>
  </raClockConfiguration>
  <raComponentSelection>
    <component apiversion="" class="Projects" condition="" group="all" subgroup="common" variant="" vendor="Renesas" version="6.2.0">
      <description>Common source for all template projects.</description>
      <originalPack>Renesas.RA_common.6.2.0.pack</originalPack>
    </component>
    <component apiversion="" class="Common" condition="" group="all" subgroup="fsp_common" variant="" vendor="Renesas" version="6.2.0">
      <description>Board Support Package Common Files</description>
      <originalPack>Renesas.RA.6.2.0.pack</originalPack>
    </component>
    <component apiversion="" class="HAL Drivers" condition="" group="all" subgroup="r_ioport" variant="" vendor="Renesas" version="6.2.0">
      <description>I/O Port</description>
      <originalPack>Renesas.RA.6.2.0.pack</originalPack>
    </component>
    <component apiversion="" class="CMSIS" condition="" group="Main" subgroup="CoreM" variant="" vendor="Arm" version="6.1.0+fsp.6.2.0">
      <description>Arm CMSIS Version 6 - Core (M)</description>
      <originalPack>Arm.CMSIS6.6.1.0+fsp.6.2.0.pack</originalPack>
    </component>
    <component apiversion="" class="BSP" condition="" group="Board" subgroup="ra4e1_fpb" variant="" vendor="Renesas" version="6.2.0">
      <description>RA4E1-FPB Board Support Files</description>
      <originalPack>Renesas.RA_board_ra4e1_fpb.6.2.0.pack</originalPack>
    </component>
    <component apiversion="" class="BSP" condition="" group="ra4e1" subgroup="device" variant="R7FA4E10D2CFM" vendor="Renesas" version="6.2.0">
      <description>Board support package for R7FA4E10D2CFM</description>
      <originalPack>Renesas.RA_mcu_ra4e1.6.2.0.pack</originalPack>
    </component>
    <component apiversion="" class="BSP" condition="" group="ra4e1" subgroup="device" variant="" vendor="Renesas" version="6.2.0">
      <description>Board support package for RA4E1</description>
      <originalPack>Renesas.RA_mcu_ra4e1.6.2.0.pack</originalPack>
    </component>
    <component apiversion="" class="BSP" condition="" group="ra4e1" subgroup="fsp" variant="" vendor="Renesas" version="6.2.0">
      <description>Board support package for RA4E1 - FSP Data</description>
      <originalPack>Renesas.RA_mcu_ra4e1.6.2.0.pack</originalPack>
    </component>
    <component apiversion="" class="BSP" condition="" group="ra4e1" subgroup="events" variant="" vendor="Renesas" version="6.2.0">
      <description>Board support package for RA4E1 - Events</description>
      <originalPack>Renesas.RA_mcu_ra4e1.6.2.0.pack</originalPack>
    </component>
    <component apiversion="" class="BSP" condition="" group="ra4e1" subgroup="linker" variant="" vendor="Renesas" version="6.2.0">
      <description>Board support package for RA4E1 - Linker</description>
      <originalPack>Renesas.RA_mcu_ra4e1.6.2.0.pack</originalPack>
    </component>
    <component apiversion="" class="HAL Drivers" condition="" group="all" subgroup="r_adc" variant="" vendor="Renesas" version="6.2.0">
      <description>A/D Converter</description>
      <originalPack>Renesas.RA.6.2.0.pack</originalPack>
    </component>
    <component apiversion="" class="HAL Drivers" condition="" group="all" subgroup="r_iic_master" variant="" vendor="Renesas" version="6.2.0">
      <description>I2C Master Interface</description>
      <originalPack>Renesas.RA.6.2.0.pack</originalPack>
    </component>
  </raComponentSelection>
  <raElcConfiguration/>
  <raIcuConfiguration/>
  <raLinkMapConfiguration/>
  <raModuleConfiguration>
    <module id="module.driver.ioport_on_ioport.0">
      <property id="module.driver.ioport.name" value="g_ioport"/>
      <property id="module.driver.ioport.elc_trigger_ioport1" value="_disabled"/>
      <property id="module.driver.ioport.elc_trigger_ioport2" value="_disabled"/>
      <property id="module.driver.ioport.elc_trigger_ioport3" value="_disabled"/>
      <property id="module.driver.ioport.elc_trigger_ioport4" value="_disabled"/>
      <property id="module.driver.ioport.pincfg" value="g_bsp_pin_cfg"/>
    </module>
    <module id="module.driver.adc_on_adc.514063345">
      <property id="module.driver.adc.name" value="g_adc0"/>
      <property id="module.driver.adc.unit" value="0"/>
      <property id="module.driver.adc.resolution" value="module.driver.adc.resolution.resolution_12_bit"/>
      <property id="module.driver.adc.alignment" value="module.driver.adc.alignment.alignment_right"/>
      <property id="module.driver.adc.clearing" value="module.driver.adc.clearing.clear_after_read_on"/>
      <property id="module.driver.adc.mode" value="module.driver.adc.mode.mode_single_scan"/>
      <property id="module.driver.adc.mode.dt" value="module.driver.adc.mode.dt.disabled"/>
      <property id="module.driver.adc.scan_mask" value="module.driver.adc.scan_mask.channel_0,module.driver.adc.scan_mask.channel_1,module.driver.adc.scan_mask.channel_2,module.driver.adc.scan_mask.channel_3"/>
      <property id="module.driver.adc.scan_mask_group_b" value=""/>
      <property id="module.driver.adc.trigger" value="enum.driver.adc.trigger.trigger_software"/>
      <property id="module.driver.adc.trigger_group_b" value="_disabled"/>
      <property id="module.driver.adc.priority_group_a" value="module.driver.adc.priority_group_a.group_a_priority_off"/>
      <property id="module.driver.adc.add_average_count" value="module.driver.adc.add_average_count.add_off"/>
      <property id="module.driver.adc.adc_vref_control" value="module.driver.adc.adc_vref_control.vrefh"/>
      <property id="module.driver.adc.add_mask" value=""/>
      <property id="module.driver.adc.sample_hold_mask" value=""/>
      <property id="module.driver.adc.sample_hold_states" value="24"/>
      <property id="module.driver.adc.compare.window_mode" value="module.driver.adc.compare.window_mode.disabled"/>
      <property id="module.driver.adc.compare.event_mode" value="module.driver.adc.compare.event_mode.or"/>
      <property id="module.driver.adc.compare.window_a.enable" value="module.driver.adc.compare.window_a.enable.disabled"/>
      <property id="module.driver.adc.compare.window_a.channels" value=""/>
      <property id="module.driver.adc.compare.window_a.channel_mode" value=""/>
      <property id="module.driver.adc.compare.window_a.ref_lower" value="0"/>
      <property id="module.driver.adc.compare.window_a.ref_upper" value="0"/>
      <property id="module.driver.adc.compare.window_b.enable" value="module.driver.adc.compare.window_b.enable.disabled"/>
      <property id="module.driver.adc.compare.window_b.channel" value="module.driver.adc.compare.window_b.channel.channel_0"/>
      <property id="module.driver.adc.compare.window_b.mode" value="module.driver.adc.compare.window_b.mode.less_outside"/>
      <property id="module.driver.adc.compare.window_b.ref_lower" value="0"/>
      <property id="module.driver.adc.compare.window_b.ref_upper" value="0"/>
      <property id="module.driver.adc.p_callback" value="NULL"/>
      <property id="module.driver.adc.scan_end_ipl" value="board.icu.common.irq.priority10"/>
      <property id="module.driver.adc.scan_end_b_ipl" value="_disabled"/>
      <property id="module.driver.adc.window_a_ipl" value="_disabled"/>
      <property id="module.driver.adc.window_b_ipl" value="_disabled"/>
      <property id="module.driver.adc.adbuf" value="module.driver.adc.adbuf.disabled"/>
    </module>
    <module id="module.driver.i2c_on_iic_master.2026990164">
      <property id="module.driver.i2c_master.name" value="g_i2c_master0"/>
      <property id="module.driver.i2c_master.channel" value="0"/>
      <property id="module.driver.i2c_master.rate" value="module.driver.i2c_master.rate.rate_standard"/>
      <property id="module.driver.i2c_master.rate_value" value="0"/>
      <property id="module.driver.i2c_master.rise_time_ns" value="120"/>
      <property id="module.driver.i2c_master.fall_time_ns" value="120"/>
      <property id="module.driver.i2c_master.duty" value="50"/>
      <property id="module.driver.i2c_master.slave" value="0x00"/>
      <property id="module.driver.i2c_master.addr_mode" value="module.driver.i2c_master.addr_mode.addr_mode_7bit"/>
      <property id="module.driver.i2c_master.timeout_mode" value="module.driver.i2c_master.timeout_mode.short_mode"/>
      <property id="module.driver.i2c_master.timeout_scl_low" value="module.driver.i2c_master.timeout_scl_low.enabled"/>
      <property id="module.driver.i2c_master.p_callback" value="NULL"/>
      <property id="module.driver.i2c_master.ipl" value="board.icu.common.irq.priority10"/>
    </module>
    <context id="_hal.0">
      <stack module="module.driver.ioport_on_ioport.0"/>
      <stack module="module.driver.adc_on_adc.514063345"/>
      <stack module="module.driver.i2c_on_iic_master.2026990164"/>
    </context>
    <config id="config.driver.adc">
      <property id="config.driver.adc.param_checking_enable" value="config.driver.adc.param_checking_enable.bsp"/>
    </config>
    <config id="config.driver.iic_master">
      <property id="config.driver.iic_master.param_checking_enable" value="config.driver.iic_master.param_checking_enable.bsp"/>
      <property id="config.driver.iic_master.dtc_enable" value="config.driver.iic_master.dtc_enable.disabled"/>
      <property id="config.driver.iic_master.addr_mode_10_bit_enable" value="config.driver.iic_master.addr_mode_10_bit_enable.disabled"/>
    </config>
    <config id="config.driver.ioport">
      <property id="config.driver.ioport.checking" value="config.driver.ioport.checking.system"/>
      <property id="config.driver.ioport.ccd_support_enable" value="config.driver.ioport.ccd_support_enable.disabled"/>
    </config>
  </raModuleConfiguration>
  <raPinConfiguration>
    <symbolicName propertyId="p000.symbolic_name" value="ARDUINO_A0"/>
    <symbolicName propertyId="p001.symbolic_name" value="ARDUINO_A1"/>
    <symbolicName propertyId="p002.symbolic_name" value="ARDUINO_A2"/>
    <symbolicName propertyId="p003.symbolic_name" value="ARDUINO_A3"/>
    <symbolicName propertyId="p004.symbolic_name" value="ARDUINO_A4"/>
    <symbolicName propertyId="p013.symbolic_name" value="ARDUINO_A5"/>
    <symbolicName propertyId="p014.symbolic_name" value="PMOD1_RESET"/>
    <symbolicName propertyId="p015.symbolic_name" value="PMOD1_INT"/>
    <symbolicName propertyId="p100.symbolic_name" value="ARDUINO_D12_MISO_PMOD1_MISO"/>
    <symbolicName propertyId="p101.symbolic_name" value="ARDUINO_D11_MOSI_PMOD1_MOSI"/>
    <symbolicName propertyId="p102.symbolic_name" value="ARDUINO_D13_CLK_PMOD1_CLK"/>
    <symbolicName propertyId="p103.symbolic_name" value="ARDUINO_D10_SS_PMOD1_SS"/>
    <symbolicName propertyId="p104.symbolic_name" value="ARDUINO_D3"/>
    <symbolicName propertyId="p105.symbolic_name" value="PMOD1_GPIO_SSLA2"/>
    <symbolicName propertyId="p106.symbolic_name" value="PMOD1_GPIO_SSLA3"/>
    <symbolicName propertyId="p107.symbolic_name" value="ARDUINO_D4"/>
    <symbolicName propertyId="p108.symbolic_name" value="TMS"/>
    <symbolicName propertyId="p109.symbolic_name" value="TDO"/>
    <symbolicName propertyId="p110.symbolic_name" value="TDI"/>
    <symbolicName propertyId="p111.symbolic_name" value="PMOD2_CLK9"/>
    <symbolicName propertyId="p112.symbolic_name" value="PMOD2_RESET"/>
    <symbolicName propertyId="p113.symbolic_name" value="ARDUINO_D7"/>
    <symbolicName propertyId="p205.symbolic_name" value="SW1"/>
    <symbolicName propertyId="p300.symbolic_name" value="TCK"/>
    <symbolicName propertyId="p301.symbolic_name" value="PMOD2_CTS9"/>
    <symbolicName propertyId="p302.symbolic_name" value="ARDUINO_D9"/>
    <symbolicName propertyId="p303.symbolic_name" value="PMOD2_GPIO3"/>
    <symbolicName propertyId="p304.symbolic_name" value="PMOD2_IRQ9"/>
    <symbolicName propertyId="p400.symbolic_name" value="ARDUINO_SCL"/>
    <symbolicName propertyId="p401.symbolic_name" value="ARDUINO_SDA"/>
    <symbolicName propertyId="p402.symbolic_name" value="ARDUINO_D8"/>
    <symbolicName propertyId="p407.symbolic_name" value="LED2"/>
    <symbolicName propertyId="p408.symbolic_name" value="LED1"/>
    <symbolicName propertyId="p409.symbolic_name" value="ARDUINO_D2"/>
    <symbolicName propertyId="p410.symbolic_name" value="PMOD2_GPIO2"/>
    <symbolicName propertyId="p500.symbolic_name" value="ARDUINO_D6"/>
    <pincfg active="true" name="FPB_RA4E1.pincfg" selected="true" symbol="g_bsp_pin_cfg">
      <configSetting altId="adc0.an000.p000" configurationId="adc0.an000"/>
      <configSetting altId="adc0.an001.p001" configurationId="adc0.an001"/>
      <configSetting altId="adc0.an002.p002" configurationId="adc0.an002"/>
      <configSetting altId="adc0.an003.p003" configurationId="adc0.an003"/>
      <configSetting altId="adc0.an004.p004" configurationId="adc0.an004"/>
      <configSetting altId="adc0.an011.p013" configurationId="adc0.an011"/>
      <configSetting altId="adc0.mode.custom.free" configurationId="adc0.mode"/>
      <configSetting altId="iic0.mode.enabled.free" configurationId="iic0.mode"/>
      <configSetting altId="iic0.scl0.p400" configurationId="iic0.scl0"/>
      <configSetting altId="iic0.sda0.p401" configurationId="iic0.sda0"/>
      <configSetting altId="jtag_fslash_swd.mode.swd.free" configurationId="jtag_fslash_swd.mode"/>
      <configSetting altId="jtag_fslash_swd.swclk.p300" configurationId="jtag_fslash_swd.swclk"/>
      <configSetting altId="jtag_fslash_swd.swdio.p108" configurationId="jtag_fslash_swd.swdio"/>
      <configSetting altId="p000.adc0.an000" configurationId="p000"/>
      <configSetting altId="p000.gpio_mode.gpio_mode_an" configurationId="p000.gpio_mode"/>
      <configSetting altId="p001.adc0.an001" configurationId="p001"/>
      <configSetting altId="p001.gpio_mode.gpio_mode_an" configurationId="p001.gpio_mode"/>
      <configSetting altId="p002.adc0.an002" configurationId="p002"/>
      <configSetting altId="p002.gpio_mode.gpio_mode_an" configurationId="p002.gpio_mode"/>
      <configSetting altId="p003.adc0.an003" configurationId="p003"/>
      <configSetting altId="p003.gpio_mode.gpio_mode_an" configurationId="p003.gpio_mode"/>
      <configSetting altId="p004.adc0.an004" configurationId="p004"/>
      <configSetting altId="p004.gpio_mode.gpio_mode_an" configurationId="p004.gpio_mode"/>
      <configSetting altId="p013.adc0.an011" configurationId="p013"/>
      <configSetting altId="p013.gpio_mode.gpio_mode_an" configurationId="p013.gpio_mode"/>
      <configSetting altId="p100.sci0.rxd0" configurationId="p100"/>
      <configSetting altId="p100.gpio_speed.gpio_speed_h" configurationId="p100.gpio_drivecapacity"/>
      <configSetting altId="p100.gpio_mode.gpio_mode_peripheral" configurationId="p100.gpio_mode"/>
      <configSetting altId="p101.sci0.txd0" configurationId="p101"/>
      <configSetting altId="p101.gpio_speed.gpio_speed_h" configurationId="p101.gpio_drivecapacity"/>
      <configSetting altId="p101.gpio_mode.gpio_mode_peripheral" configurationId="p101.gpio_mode"/>
      <configSetting altId="p102.sci0.sck0" configurationId="p102"/>
      <configSetting altId="p102.gpio_speed.gpio_speed_h" configurationId="p102.gpio_drivecapacity"/>
      <configSetting altId="p102.gpio_mode.gpio_mode_peripheral" configurationId="p102.gpio_mode"/>
      <configSetting altId="p103.sci0.cts_rts0" configurationId="p103"/>
      <configSetting altId="p103.gpio_speed.gpio_speed_h" configurationId="p103.gpio_drivecapacity"/>
      <configSetting altId="p103.gpio_mode.gpio_mode_peripheral" configurationId="p103.gpio_mode"/>
      <configSetting altId="p104.output.low" configurationId="p104"/>
      <configSetting altId="p104.gpio_speed.gpio_speed_h" configurationId="p104.gpio_drivecapacity"/>
      <configSetting altId="p104.gpio_mode.gpio_mode_out.low" configurationId="p104.gpio_mode"/>
      <configSetting altId="p105.output.low" configurationId="p105"/>
      <configSetting altId="p105.gpio_speed.gpio_speed_h" configurationId="p105.gpio_drivecapacity"/>
      <configSetting altId="p105.gpio_mode.gpio_mode_out.low" configurationId="p105.gpio_mode"/>
      <configSetting altId="p106.output.low" configurationId="p106"/>
      <configSetting altId="p106.gpio_speed.gpio_speed_h" configurationId="p106.gpio_drivecapacity"/>
      <configSetting altId="p106.gpio_mode.gpio_mode_out.low" configurationId="p106.gpio_mode"/>
      <configSetting altId="p107.output.low" configurationId="p107"/>
      <configSetting altId="p107.gpio_speed.gpio_speed_h" configurationId="p107.gpio_drivecapacity"/>
      <configSetting altId="p107.gpio_mode.gpio_mode_out.low" configurationId="p107.gpio_mode"/>
      <configSetting altId="p108.jtag_fslash_swd.swdio" configurationId="p108"/>
      <configSetting altId="p108.gpio_mode.gpio_mode_peripheral" configurationId="p108.gpio_mode"/>
      <configSetting altId="p109.sci9.txd9" configurationId="p109"/>
      <configSetting altId="p109.gpio_speed.gpio_speed_h" configurationId="p109.gpio_drivecapacity"/>
      <configSetting altId="p109.gpio_mode.gpio_mode_peripheral" configurationId="p109.gpio_mode"/>
      <configSetting altId="p110.sci9.rxd9" configurationId="p110"/>
      <configSetting altId="p110.gpio_speed.gpio_speed_h" configurationId="p110.gpio_drivecapacity"/>
      <configSetting altId="p110.gpio_mode.gpio_mode_peripheral" configurationId="p110.gpio_mode"/>
      <configSetting altId="p111.output.low" configurationId="p111"/>
      <configSetting altId="p111.gpio_speed.gpio_speed_h" configurationId="p111.gpio_drivecapacity"/>
      <configSetting altId="p111.gpio_mode.gpio_mode_out.low" configurationId="p111.gpio_mode"/>
      <configSetting altId="p112.input" configurationId="p112"/>
      <configSetting altId="p112.gpio_mode.gpio_mode_in" configurationId="p112.gpio_mode"/>
      <configSetting altId="p113.output.low" configurationId="p113"/>
      <configSetting altId="p113.gpio_speed.gpio_speed_h" configurationId="p113.gpio_drivecapacity"/>
      <configSetting altId="p113.gpio_mode.gpio_mode_out.low" configurationId="p113.gpio_mode"/>
      <configSetting altId="p300.jtag_fslash_swd.swclk" configurationId="p300"/>
      <configSetting altId="p300.gpio_mode.gpio_mode_peripheral" configurationId="p300.gpio_mode"/>
      <configSetting altId="p301.output.low" configurationId="p301"/>
      <configSetting altId="p301.gpio_speed.gpio_speed_h" configurationId="p301.gpio_drivecapacity"/>
      <configSetting altId="p301.gpio_mode.gpio_mode_out.low" configurationId="p301.gpio_mode"/>
      <configSetting altId="p302.output.low" configurationId="p302"/>
      <configSetting altId="p302.gpio_speed.gpio_speed_h" configurationId="p302.gpio_drivecapacity"/>
      <configSetting altId="p302.gpio_mode.gpio_mode_out.low" configurationId="p302.gpio_mode"/>
      <configSetting altId="p303.output.low" configurationId="p303"/>
      <configSetting altId="p303.gpio_speed.gpio_speed_h" configurationId="p303.gpio_drivecapacity"/>
      <configSetting altId="p303.gpio_mode.gpio_mode_out.low" configurationId="p303.gpio_mode"/>
      <configSetting altId="p400.iic0.scl0" configurationId="p400"/>
      <configSetting altId="p400.gpio_speed.gpio_speed_m" configurationId="p400.gpio_drivecapacity"/>
      <configSetting altId="p400.gpio_mode.gpio_mode_peripheral" configurationId="p400.gpio_mode"/>
      <configSetting altId="p401.iic0.sda0" configurationId="p401"/>
      <configSetting altId="p401.gpio_speed.gpio_speed_m" configurationId="p401.gpio_drivecapacity"/>
      <configSetting altId="p401.gpio_mode.gpio_mode_peripheral" configurationId="p401.gpio_mode"/>
      <configSetting altId="p402.output.low" configurationId="p402"/>
      <configSetting altId="p402.gpio_speed.gpio_speed_h" configurationId="p402.gpio_drivecapacity"/>
      <configSetting altId="p402.gpio_mode.gpio_mode_out.low" configurationId="p402.gpio_mode"/>
      <configSetting altId="p407.output.low" configurationId="p407"/>
      <configSetting altId="p407.gpio_speed.gpio_speed_h" configurationId="p407.gpio_drivecapacity"/>
      <configSetting altId="p407.gpio_mode.gpio_mode_out.low" configurationId="p407.gpio_mode"/>
      <configSetting altId="p408.output.low" configurationId="p408"/>
      <configSetting altId="p408.gpio_speed.gpio_speed_h" configurationId="p408.gpio_drivecapacity"/>
      <configSetting altId="p408.gpio_mode.gpio_mode_out.low" configurationId="p408.gpio_mode"/>
      <configSetting altId="p409.output.low" configurationId="p409"/>
      <configSetting altId="p409.gpio_speed.gpio_speed_h" configurationId="p409.gpio_drivecapacity"/>
      <configSetting altId="p409.gpio_mode.gpio_mode_out.low" configurationId="p409.gpio_mode"/>
      <configSetting altId="p410.output.low" configurationId="p410"/>
      <configSetting altId="p410.gpio_speed.gpio_speed_h" configurationId="p410.gpio_drivecapacity"/>
      <configSetting altId="p410.gpio_mode.gpio_mode_out.low" configurationId="p410.gpio_mode"/>
      <configSetting altId="p500.output.low" configurationId="p500"/>
      <configSetting altId="p500.gpio_speed.gpio_speed_h" configurationId="p500.gpio_drivecapacity"/>
      <configSetting altId="p500.gpio_mode.gpio_mode_out.low" configurationId="p500.gpio_mode"/>
      <configSetting altId="sci0.cts_rts0.p103" configurationId="sci0.cts_rts0"/>
      <configSetting altId="sci0.mode.simplespi.free" configurationId="sci0.mode"/>
      <configSetting altId="sci0.rxd0.p100" configurationId="sci0.rxd0"/>
      <configSetting altId="sci0.sck0.p102" configurationId="sci0.sck0"/>
      <configSetting altId="sci0.txd0.p101" configurationId="sci0.txd0"/>
      <configSetting altId="sci9.mode.asynchronousuart.free" configurationId="sci9.mode"/>
      <configSetting altId="sci9.rxd9.p110" configurationId="sci9.rxd9"/>
      <configSetting altId="sci9.txd9.p109" configurationId="sci9.txd9"/>
    </pincfg>
    <pincfg active="false" name="R7FA4E10D2CFM.pincfg" selected="false" symbol="">
      <configSetting altId="jtag_fslash_swd.mode.jtag.free" configurationId="jtag_fslash_swd.mode"/>
      <configSetting altId="jtag_fslash_swd.tck.p300" configurationId="jtag_fslash_swd.tck"/>
      <configSetting altId="jtag_fslash_swd.tdi.p110" configurationId="jtag_fslash_swd.tdi"/>
      <configSetting altId="jtag_fslash_swd.tdo.p109" configurationId="jtag_fslash_swd.tdo"/>
      <configSetting altId="jtag_fslash_swd.tms.p108" configurationId="jtag_fslash_swd.tms"/>
      <configSetting altId="p108.jtag_fslash_swd.tms" configurationId="p108"/>
      <configSetting altId="p108.gpio_mode.gpio_mode_peripheral" configurationId="p108.gpio_mode"/>
      <configSetting altId="p109.jtag_fslash_swd.tdo" configurationId="p109"/>
      <configSetting altId="p109.gpio_mode.gpio_mode_peripheral" configurationId="p109.gpio_mode"/>
      <configSetting altId="p110.jtag_fslash_swd.tdi" configurationId="p110"/>
      <configSetting altId="p110.gpio_mode.gpio_mode_peripheral" configurationId="p110.gpio_mode"/>
      <configSetting altId="p300.jtag_fslash_swd.tck" configurationId="p300"/>
      <configSetting altId="p300.gpio_mode.gpio_mode_peripheral" configurationId="p300.gpio_mode"/>
    </pincfg>
  </raPinConfiguration>
</raConfiguration>
